City,Latitude,Longitude
Not defined,,
Berlin,52.510885,13.3989367
Lahnstein,50.3090305,7.6044602
Crailsheim,49.1365626,10.0720195
Prenzlau,53.3167,13.866575
Dortmund,51.5142273,7.4652789
Stuttgart,48.7784485,9.1800132
München,48.1371079,11.5753822
Wien,48.2083537,16.3725042
Offenbach am Main,50.1055002,8.7610698
Eberbach,48.9273858,8.066278
Görlitz,51.1563185,14.991018
Pfedelbach,49.1781,9.505
Unterhaching,48.0662249,11.6102245
Hildburghausen,50.4266327,10.7300263
Sonneberg,50.3575412,11.1691714
Düsseldorf,51.2254018,6.7763137
Unknown,26.492533,92.3308789
Pirmasens,49.1996961,7.6087847
Lutherstadt Wittenberg,51.8666527,12.646761
Gommern,52.0739555,11.8307231
Rüdesheim am Rhein,49.9789358,7.92339
Dresden,51.0493286,13.7381437
Passau,48.5748229,13.4609744
Leipzig,51.3406321,12.3747329
Bielefeld,52.0191005,8.531007
Karlsruhe,49.0068705,8.4034195
Hamm,51.681281,7.8191185
Wermelskirchen,51.1406481,7.2156901
Gummersbach,51.0277658,7.5630545
Waldbronn,48.9249963,8.4683096
Kassel,51.3157833,9.4978479
Wenzenbach,49.0768866,12.1980173
Duisburg,51.434999,6.759562
Witzeeze,53.4515894,10.6090961
Leinfelden-Echterdingen,48.6901796,9.1525725
Kerpen,50.3008642,6.7397609
Ahrensburg,53.6736529,10.2358999
Schwandorf,49.3261854,12.1092708
Merseburg,51.3564413,11.996148
Dabrowa Gornicza,50.369624,19.2890465
Pommelsbrunn,49.5046383,11.5078943
Regensburg,49.0195333,12.0974869
Herzogenrath,50.8684545,6.0950514
Mainz,49.9995205,8.2736253
Podskalie,49.0444247,18.4544481
Zinnowitz,54.076647,13.9089471
Quedlinburg,51.7855428,11.1519933
Gdansk,54.3482907,18.6540233
Wolfsburg,52.4205588,10.7861682
Bochum,51.4818111,7.2196635
Weilburg,50.4847448,8.2659245
Weingarten,47.8075299,9.6431145
Wiesbaden,50.0820384,8.2416556
Dillenburg,50.75211,8.31573
Neu-Ulm,48.3953489,10.0005211
Celle,52.624056,10.081052
Neu Wulmstorf,53.4682413,9.7916569
Marburg,50.8090106,8.7704695
Lauter-Bernsbach,50.5614644,12.728134
Bonn,50.7352621,7.1024635
Riedstadt,49.8425212,8.4829447
Rosenheim,47.8539273,12.127262
Herford,52.1152245,8.6711118
Mönchengladbach,51.1947131,6.4353792
Neuburg,49.0231964,6.0436493
Rostock,54.0886707,12.1400211
Bad Oeynhausen,52.2014399,8.7981244
Chemnitz,50.8323531,12.918914
Diez,50.3694175,8.0174521
Leutershausen,49.2992825,10.4117748
Nürnberg,49.453872,11.077298
Korschenbroich,51.1902651,6.5143539
Laubach,48.8823201,7.7203596
Teublitz,49.2211907,12.085254
Düren,50.8031684,6.4820806
Zwickau,50.7185043,12.4939267
Bremen,53.0758196,8.8071646
Schiltach,48.2901774,8.3436346
Halle,51.4824354,11.9712985
Cloppenburg,52.8461339,8.0438783
Hannover,52.3744779,9.7385532
Weißenburg in Bayern,49.0305748,10.9718974
Erbach,48.3274603,9.8913803
Leonberg,48.8012983,9.0150026
Mannheim,49.4892913,8.4673098
Jünkerath,50.3472096,6.5720946
Essen,51.4582235,7.0158171
Osterode am Harz,51.72784,10.2508204
Villingen‑Schwenningen,48.063152,8.4929618
Königsmoos,48.666702,11.2161655
Bad Wildungen,51.1029078,9.0940685
Magdeburg,52.1315889,11.6399609
Germering,48.1373576,11.3614338
Kleve,51.7895571,6.1376008
Garmisch-Partenkirchen,47.4923741,11.0962815
Hof,50.3219015,11.9178807
Lünen,51.6142482,7.5228088
Murr,48.9613131,9.4616885
Bad Homburg vor der Höhe,50.2363508,8.5980265
Kiel,54.3227085,10.135555
Theres,50.0242849,10.4286001
Lüchow,53.6893717,10.5322354
Stolberg,50.7702908,6.2295504
Bautzen,51.1813907,14.4275735
Weiden,46.0634632,13.2358377
Göppingen,48.7031377,9.6541116
Ansbach,49.2888745,10.5597693
Aachen,50.776351,6.083862
Menden,51.43779,7.7953822
Iserlohn,51.3746778,7.6999713
Aying,47.9699535,11.778769
Hamburg,53.550341,10.000654
Einhausen,50.5301473,10.4633497
Minden,52.2881045,8.9168852
Igalo,42.4587283,18.5106652
Süßen,48.6826604,9.7586073
Flensburg,54.7833021,9.4333264
Tönning,54.3188928,8.9437049
Aschaffenburg,49.9706701,9.1384857
Holzwickede,51.5007037,7.6186433
Ochtrup,52.2102308,7.188806
Klosterlechfeld,48.1588074,10.8309762
Straubing,48.8839157,12.5955773
Augsburg,48.3690341,10.8979522
Rheine,52.2797707,7.4373615
Singen,47.7617515,8.8348709
Werl,51.5533457,7.9155558
Schweinfurt,50.0518552,10.2220921
Ditzingen,48.8263983,9.0658446
Frankfurt,50.1106444,8.6820917
Bad Wildbad im Schwarzwald,,
Weil am Rhein,47.5932802,7.6116133
Osnabrück,52.2719595,8.047635
Lierschied,50.1694017,7.7454526
Eggenfelden,48.4031909,12.7626208
Trebgast,50.0679558,11.5515384
Verl,51.8830037,8.5093149
Wesel,51.6576909,6.617087
Frammersbach,50.0638687,9.4706391
Grevesmühlen,53.8644705,11.1898839
Perleberg,53.075548,11.8212016
Michelfeld,49.0968691,9.6771416
Stralsund,54.3096314,13.0820846
Zeitz,51.0491637,12.1349991
Novi Sad,45.2551338,19.8451756
Münster,51.9625101,7.6251879
Helmstedt,52.2089226,11.0028882
Krefeld,51.3331205,6.5623343
Rastatt,48.8574209,8.2088088
Detmold,51.936284,8.8791526
Weinstadt,48.8085568,9.3774813
Friedrichshafen,47.6500279,9.4800858
Wächtersbach,50.2724,9.2857
Solingen,51.1721629,7.0845893
Worms,49.6302618,8.3620898
Schlangen,51.8097549,8.8447903
Schwarzenberg,47.4137551,9.852372
Ludwigsburg,48.8953937,9.1895147
Büchen,53.4833029,10.6166958
Remscheid,51.1798706,7.1943544
Kulmbach,50.1008448,11.4479149
Burghausen,48.1588645,12.8329419
Meinerzhagen,51.1063495,7.6408956
Torgau,51.5581272,13.0046538
Coesfeld,51.9458943,7.1691108
Hartmannsdorf,50.9621391,11.9827889
Adelschlag,48.8403472,11.22192
Eisenberg,50.9691346,11.8961116
Kehl,48.5728929,7.8109768
Delbrück,51.7649178,8.5594953
Kempten,47.7267063,10.3168835
Oranienburg,52.7529379,13.2457591
Siegen,50.8751175,8.0256131
Castrop-Rauxel,51.5646195,7.3106175
Kalkar,51.7388793,6.2927546
Würzburg,49.7780356,9.9434769
Molsberg,50.4820761,7.9671127
Rust,47.8037042,16.6890143
Bad Hersfeld,50.8604177,9.6767709
Südlohn,51.9446284,6.8657729
Erfurt,50.9777974,11.0287364
Wiesenttal,49.8262776,11.2397314
Altenstadt,47.823657,10.8734632
Sankt Leon-Rot,49.2671326,8.6142616
Friedrichsdorf,49.016435,20.9655448
Heinsberg,51.0654268,6.0984461
Darmstadt,49.8851869,8.6736295
Ruhla,50.8941173,10.3814517
Bad Nauheim,50.3681107,8.7473608
Bärnau,49.8109931,12.4304633
Erftstadt,50.8027168,6.8031625
Arnsberg,51.4002384,8.0605908
Pullach im Isartal,48.0556122,11.5217455
Gelnhausen,50.2043672,9.1997516
Liederbach am Taunus,50.1230468,8.4878708
Gröditz,51.4121605,13.4473168
Trier,49.7596208,6.6441878
Buxtehude,53.4767351,9.7003941
Uelzen,52.9840679,10.5385882
Aldenhoven,50.8962734,6.2827943
Friedenweiler,47.917078,8.2571947
Neuss,51.1981778,6.6916476
Pforzheim,48.890934,8.7025509
Königswinter,50.6739719,7.1930989
Northeim,51.7643823,9.8583289
Rohrdorf,47.7990707,12.1675812
Filderstadt,48.6664,9.2199647
Übelbach,47.226439,15.2341951
Fürth,49.4885711,10.9587203
Warszawa,52.2319581,21.0067249
Markdorf,47.7206084,9.3917257
Piatek,52.0689883,19.4799726
Mülheim an der Ruhr,51.4272925,6.8829192
Erkner,52.4259804,13.7542811
Monschau,50.5544687,6.2407954
Bad Segeberg,53.9422672,10.3137943
Lauf an der Pegnitz,49.5118126,11.2813381
Oberasbach,49.4303112,10.967555
Naumburg,51.1525648,11.8099186
Wandlitz,52.7537935,13.4519809
Witten,51.4370171,7.335124
Obernheim,48.1628786,8.8605489
Wilhelmshaven,53.5278793,8.106301
Heimbuchenthal,49.8835255,9.291592
Weiterstadt,49.9178,8.5924
Braunfels,50.5017248,8.4012818
Salzwedel,52.8528456,11.1539699
Rechitsa,51.6954541,35.4331597
Freiburg,47.9960901,7.8494005
Leer,53.2050927,7.459464
Höhenkirchen-Siegertsbrunn,48.0201651,11.7170264
Coburg,50.2582226,10.964561
Wolfenbüttel,52.1625283,10.5348215
Niederorschel,51.370347,10.4279187
Vierden,53.3281242,9.503324
Ostbevern,52.0362198,7.8400336
Oldenburg,53.1389753,8.2146017
Bad Pyrmont,51.9850503,9.2434635
Stelle,53.3828216,10.1156284
Wadgassen,49.2634657,6.7922183
Leingarten,49.1434266,9.1240565
Obermarchtal,48.2327187,9.5692149
Güglingen,49.0668087,8.9999838
Linz,48.3059078,14.286198
Sankt Ingbert,49.2788378,7.1156707
Staufen im Breisgau,47.883211,7.7329262
Baku,40.3755885,49.8328009
Erlensee,50.1624394,8.9846455
Erkrath,51.2209866,6.9056079
Kornwestheim,48.8611498,9.1873875
Rees,51.7581242,6.3956605
Schwerin,53.6288297,11.4148038
Słupsk,54.463577,17.020948
Reutlingen,48.4919508,9.2114144
Köln,50.938361,6.959974
Gdańsk,54.4288032,18.798327
Allendorf,50.2679502,7.9982619
Gladenbach,50.78141,8.57886
Euskirchen,50.6612623,6.7871219
Gerlingen,48.7983947,9.0624386
Lübeck,53.866444,10.684738
Büren,51.5525333,8.5591919
Ganderkesee,53.0344984,8.5451469
Ohrdruf,50.8270085,10.7319499
Beverungen,51.6676535,9.3759072
Usingen,50.350795,8.5231684
Geilenkirchen,50.963605,6.1199802
Leichlingen,51.1059639,7.0140304
Veldenz,49.8893712,7.0231881
Duschanbe,38.5856814,68.760331
Ahad Al Masarihah,16.7514615,42.8626915
Werder,52.3715809,12.9329125
Morsbach,49.1672234,6.865618
Herdecke,51.4001119,7.4330062
Gießen,50.5808795,8.6938161
Seevetal,53.3965903,10.0176952
Stendal,52.6050782,11.8594279
Meerbusch,51.2652237,6.6760958
Obergünzburg,47.8458763,10.4192911
Eggolsheim,49.7721617,11.0535303
Limbach-Oberfrohna,50.8608138,12.7545462
Kraichtal,49.1319246,8.7375729
Rathenow,52.6063703,12.3382259
Śrem,52.0893322,17.0156809
Mülheim-Kärlich,50.3868869,7.4975336
Babenhausen,49.9562183,8.9460279
Heidenheim,48.6767637,10.152923
Rotterdam,51.9244424,4.47775
Cremlingen,52.2467665,10.6537261
Hörstel,52.2973664,7.5862462
Rinteln,52.1873798,9.0804584
Gütersloh,51.9063997,8.3782078
Röttingen,49.511308,9.970905
Blankenfelde,52.3384429,13.4153952
Eppelborn,49.4073926,6.9644654
Bayreuth,49.9449711,11.5734327
Ajman,25.5091287,55.3619072
Emsdetten,52.174687,7.5301756
Hagen,51.3582945,7.473296
Binzen,47.6312281,7.6243455
Erlangen,49.5891571,10.9812072
Mainaschaff,49.981916,9.0857089
Hennef,50.7754417,7.2847945
Velden,46.6151882,14.0450583
Runkel,50.42497,8.16703
Mettmann,51.2527778,6.9777778
Burbach,48.9009773,7.1122271
Gdynia,54.5233304,18.6040279
Pyrbaum,49.2983403,11.2896933
Rötgesbüttel,52.4150907,10.5296465
Parchim,53.4258455,11.8475244
Cheremkhovo,53.148434,103.070145
Randersacker,49.760046,9.9803941
Erding,48.3064441,11.9076579
Zorneding,48.0848806,11.8276735
Kressbronn am Bodensee,47.5965788,9.6003273
Essing,48.9337528,11.7904264
Offenbach,50.1055002,8.7610698
Hösbach,50.0049158,9.200966
Rudolstadt,50.7206063,11.3401985
Illingen,49.3292,6.18045
Lindau (Bodensee),47.550753,9.6926624
Mainz-Kostheim,50.0051896,8.3038698
Borken,51.8444777,6.8583277
Mainz-Kastel,50.0083449,8.2844378
Nesselwang,47.6218885,10.5003482
Braunschweig,52.2646577,10.5236066
Zoetermeer,52.0622891,4.4877545
Speyer,49.3165553,8.433615
Karlsfeld,48.2266316,11.4676387
Villingen-Schwenningen,48.063152,8.4929618
Achberg,47.6233193,9.7141877
Nuenchritz,51.3020569,13.3850546
Aalen,48.8375607,10.0929593
Esslingen am Neckar,48.7427584,9.3071685
Großrosseln,49.2038888,6.83536
Kirchlauter,50.0432008,10.7192456
Elze,52.1190302,9.7369863
Ingolstadt,48.7630165,11.4250395
Duderstadt,51.5123672,10.2610699
Jindrichuv Hradec,49.1443265,15.003354
Haldensleben,52.2911243,11.4132719
Limeshain,50.2640969,8.9819962
Kirchlinteln,52.9255206,9.3782295
Twistringen,52.7992604,8.6421452
Obergriesbach,48.4211698,11.0660623
Oelde,51.8260823,8.1453352
Amberg,49.4543662,11.8474021
Paderborn,51.7177044,8.752653
Remchingen,48.9430357,8.5752736
Murom,55.5792152,42.0524631
Neuhemsbach,49.5234456,7.9229398
Nebra (Unstrut),51.2873083,11.5787877
Lubrza,52.3071516,15.4411776
Kalanchak,46.257184,33.2843632
Piotrków Trybunalski,51.4082625,19.696167
Neumünster,54.0703296,9.9884451
Wörthsee,48.0727454,11.2001725
Monheim am Rhein,51.0909476,6.8812387
Klasztorna,54.5021038,16.635539
Taraz,42.9015945,71.3769302
Troisdorf,50.8153071,7.1593271
Henstedt-Ulzburg,53.7926888,9.9808134
Bialystok,53.132398,23.1591679
Warburg,51.4886533,9.1488385
Stade,53.599794,9.475438
Großbreitenbach,50.5806039,11.004454
Bad Driburg,51.7366427,9.0175012
Sollstedt,51.4134885,10.5359288
Landshut,48.536217,12.1516551
Karstädt,53.2883824,11.4893222
Steinfurt,52.138683,7.3678356
Tatabanya,47.583845,18.3979855
Gerolstein,50.2234404,6.6618586
Astana,51.1159933,71.4677059
Schwanewede,53.2254676,8.5943316
Glendale,34.1469416,-118.2478471
Hückelhoven,51.0552368,6.2247322
Schwarzheide,51.4858276,13.8306977
Böhlen,51.2027284,12.3859676
Pleinfeld,49.1053751,10.98564
Hettenshausen,48.5003308,11.5049302
Bünde,52.2004727,8.5828944
Sankt Georgen im Schwarzwald,47.9808879,7.8208427
Lichtenfels,50.14568,11.06382
Fulda,50.5542328,9.6770448
Riesa,51.3038241,13.308828
Löbau,51.0947288,14.6692423
Waren,53.5156249,12.6850606
Hameln,52.1039941,9.3561569
Aichwald,48.7585422,9.3902034
Eppelheim,49.4025,8.63306
Bad Berleburg,51.0478493,8.3917759
Minsk,53.9024716,27.5618225
Oberding,48.3224133,11.8464367
Trossingen,48.07506,8.6362987
Stein,50.9732145,5.7606819
Nizhny Novgorod,56.2769292,43.9212981
Dörverden,52.847207,9.2299135
Bad Wörishofen,48.0059852,10.5921263
Langenselbold,50.1780814,9.04333
Alsfeld,50.7523545,9.268355
Helmstidde,52.2089226,11.0028882
Schwalbach,50.1490109,8.5357434
Alfeld,51.9869477,9.8253376
Forchheim,49.7187319,11.0595749
Altenkirchen,50.6880109,7.6477412
Alzenau in Unterfranken,,
Bühl,48.7253,7.0853
Bad Tölz,47.7610013,11.559607
Schkeuditz,51.3963509,12.2216292
Müllrose,52.2468189,14.4181081
Poing,48.1667467,11.803713
Wuppertal,51.264018,7.1780374
Tuttlingen,47.9844315,8.8186606
Willich,51.2641433,6.5446958
Semej,50.404377,80.2496637
Cuxhaven,53.86878,8.698286
Ravensburg,47.7811014,9.612468
Untersiemau,50.195613,10.9723133
Słubice,52.3557481,14.5662367
Pfalzgrafenweiler,48.5259787,8.5648793
Wetzlar,50.570561,8.531245
Reichenau,47.6956373,9.0592022
Scharbeutz,54.026634,10.7559481
Kirchheim,48.6102516,7.4966532
Güstrow,53.793587,12.1764906
Frechen,50.9096219,6.8081935
Vechta,52.7310691,8.2873162
Leuna,51.3233638,12.0195081
Coswig,51.1267305,13.5783983
Luckenwalde,52.0902045,13.1741882
Kisslegg,47.7911287,9.8828757
Ebern,50.0943461,10.7950972
Weilheim in Oberbayern,47.8427947,11.1520087
Engen,47.8532383,8.7704457
Koblenz,50.3533278,7.5943951
Lippstadt,51.6747074,8.347194
Konstanz,47.659216,9.1750718
Saarbrücken,49.234362,6.996379
Aichach,48.4591478,11.1309953
Heilbronn,49.142291,9.218655
Sandersdorf,51.6283437,12.2635142
Inchenhofen,48.5105903,11.1160298
Oberhausen,51.4696137,6.8514435
Waiblingen,48.8325659,9.3163822
Appen,53.6601647,9.7415872
Chambon-sur-Lignon,45.060809,4.302941
Nettetal,51.3155092,6.2714171
Ottobrunn,48.0648406,11.6647814
Kusel,49.5399844,7.4008479
Massenbachhausen,49.1775314,9.046756
Rangsdorf,52.2914292,13.418888
Hildesheim,52.1527188,9.9518083
Heidelberg,49.4093582,8.694724
Senden,48.3251884,10.0471189
Borna,51.1241649,12.4999055
Bad Saulgau,48.0158071,9.5010309
Cham,49.2178194,12.6663832
Herne,51.5380394,7.219985
Gera,50.8765528,12.0832674
Lenningen,48.5579923,9.4660443
Emden,53.3670541,7.2058304
Niederstetten,49.4003232,9.9189607
Olpe,51.029482,7.8435278
Heinersreuth,49.9666484,11.5341077
Speichersdorf,49.8743854,11.7835056
Potsdam,52.4009309,13.0591397
Bergisch Gladbach,50.9929303,7.1277379
Brandenburg an der Havel,52.4108261,12.5497933
Lengerich,52.1887731,7.8508691
Poppenhausen,50.0995888,10.1438247
Friesoythe,53.0206088,7.8592307
Lingen,52.5224659,7.316584
Jena,50.9281717,11.5879359
Griepswohld,54.095791,13.3815238
Garrel,52.9554303,8.0225529
Herbrechtingen,48.6226932,10.1761696
Friedberg,50.3352682,8.7539306
Ulm,48.3984968,9.9912458
Markgröningen,48.9050626,9.0808114
Dinslaken,51.5623618,6.7345106
Geyer,50.623596,12.9249831
Ilmenau,50.6867695,10.9142385
Freital,51.016265,13.6530329
Engelsbrand,48.8310442,8.6444312
Planegg,48.103742,11.4220029
Zwingenberg,49.7242,8.5915
Abensberg,48.8332409,11.8570782
Weinähr,50.3195988,7.8438775
Wiefelstede,53.2558626,8.1150123
Fritzlar,51.1537071,9.2645106
Rheda-Wiedenbrück,51.8428202,8.2985615
Neunkirchen-Seelscheid,50.8545062,7.3294965
Tittmoning,48.0621714,12.7676484
Kamen,51.5918019,7.6616804
Haimhausen,48.315762,11.554494
Weißwasser,50.5014795,14.8041263
Triberg,48.1298016,8.232271
Herrsching am Ammersee,47.9992929,11.1748083
Oberndorf am Neckar,48.2908613,8.5711222
Schwäbisch Hall,49.1123963,9.7369047
Tashkent,41.3123363,69.2787079
Bad Windsheim,49.5020006,10.4175301
Arnstadt,50.8349097,10.9461479
Selm,51.7005549,7.468614
Neu-Isenburg,50.0464196,8.6717748
Buttstädt,51.1213474,11.4168304
Forst,51.7438586,14.6455395
Kaltenkirchen,53.8371714,9.9614889
Neuenkirchen,54.23649,8.9877874
Eystrup,52.7814673,9.2242199
Kirn,49.7861037,7.4584035
Neunkirchen,49.3533493,6.5564888
Buchholz,53.2759502,12.6459399
Mittweida,50.9854597,12.9810458
Altötting,48.2268085,12.6757914
Saint Petersburg,59.9606739,30.1586551
Bad Emstal,51.2558597,9.2493249
Mandelbachtal,49.1864983,7.1519119
Riga,56.9493977,24.1051846
Bingen,49.9675456,7.8944
Floß,49.7255408,12.278355
Wülfrath,51.2818569,7.0328063
Holzminden,51.8989989,9.5741099
Göttingen,51.5328328,9.9351811
Bergheim,48.2056672,7.3621755
London,51.4893335,-0.1440551
Niedenstein,51.2152682,9.3061335
Kaliningrad,54.7046485,20.4565666
Hilchenbach,50.9935863,8.107365
Eggenstein-Leopoldshafen,49.088332,8.4003114
Rosengarten,53.3983771,9.9048979
Schwaig,47.7916138,11.3924139
Tettnang,47.6716558,9.5891158
Wismar,53.8909832,11.4647932
Ahaus,52.0761541,7.004876
Bat yam,32.0128493,34.746913
Rodewisch,50.5308866,12.4047996
Schrozberg,49.3457515,9.9815378
Hoyerswerda,51.4333103,14.250083
Aschersleben,51.7559549,11.462134
Teterow,53.7709505,12.5753569
Backnang,48.9470756,9.4297925
Kamenskoe,45.2811,35.524
Kirchlengern,52.1983452,8.6440034
Delitzsch,51.5255661,12.342857
Walldorf,49.3038134,8.6433518
Königstein im Taunus,50.195133,8.4628165
Brühl,50.8291313,6.9037057
Neubrandenburg,53.5574458,13.2602781
Viernheim,49.5401213,8.5785313
Fernwald,50.5673903,8.7770992
Kemnath,49.8581156,11.9355154
Hattgenstein,49.6972459,7.1592865
Neukirchen-Vluyn,51.4413742,6.5467641
Wolnzach,48.603,11.6269977
Hofkirchen,48.6779936,13.118189
Moscow,55.625578,37.6063916
Nastätten,50.199081,7.858179
Zerbst,51.9697398,12.0745464
Grafenau,48.8576397,13.3938284
Postbauer-Heng,49.3030329,11.3507199
Neutraubling,48.9926567,12.1990753
Meinersen,52.4713946,10.3610062
Espenau,51.3913412,9.4582002
Grevenbroich,51.0862467,6.5848937
Deggendorf,48.7814115,13.0006423
Niedereschach,48.1322687,8.528116
Donauwörth,48.7180364,10.7807299
Norderney,53.7056126,7.1438175
Itzehoe,53.919448,9.5172441
Münchhausen,48.9196671,8.1484455
Marsberg,51.4602168,8.8552071
Oberrot,49.0144949,9.6634485
Weilheim,47.6582006,8.2413047
Beckingen,49.3877286,6.704062
Lemgo,52.0280674,8.9012894
Werlte,52.8518701,7.6764179
Hennigsdorf,52.6375777,13.2057511
Pfaffenhofen,47.2987869,11.0830431
Waldenburg,48.7503918,7.1965445
Schieder-Schwalenberg,51.8980505,9.1751832
Nordhausen,51.5051574,10.7925317
Dormagen,51.0934389,6.8416158
Dußlingen,48.4515213,9.0578168
Ottersweier,48.6687192,8.110948
Voerde,51.5975224,6.6811994
Lotte,52.2752188,7.9159335
Mahlberg,48.2871478,7.8124221
Seesen,51.8905566,10.1703902
Baesweiler,50.9074568,6.1826282
Nagold,48.5512399,8.7234942
Löningen,52.7363493,7.7570655
Dettelbach,49.8019103,10.1612139
Kleinostheim,50.0038042,9.0655061
Unterschneidheim,48.9408509,10.3639341
Sand am Main,49.9796901,10.589493
Wangen im Allgäu,47.6856552,9.8342247
Maasbree,51.3586733,6.047488
Homburg,47.758716,7.5063314
Bad Abbach,48.9357145,12.0401868
Birkenfeld,49.6488236,7.1647477
Phuket,7.9366015,98.3529292
Almaty,43.2363924,76.9457275
Böblingen,48.684969,9.0113444
Adelebsen,51.579484,9.7524477
Sigmarszell,47.5891157,9.7624451
Neuhäusel,48.8237291,8.0856866
Lehre,52.3286295,10.6678432
Herzogenaurach,49.5710376,10.8815262
Mömlingen,49.8583309,9.0842372
Michelstadt,49.68841,9.05647
Niesky,51.2921267,14.8250955
Neuwied,50.4302393,7.466302
Freren,52.4858972,7.5459254
Nienburg/Weser,52.6487602,9.2578105
Heimbach,49.6141458,7.2481879
Euerbach,50.0618207,10.1338361
Waldkraiburg,48.2061851,12.4021839
Saarlouis,49.3164661,6.749846
Litzendorf,49.9123064,11.0096505
Fröndenberg,51.471343,7.7617558
Überlingen,47.7664456,9.1605106
Bad Soden am Taunus,50.1517006,8.4899671
Lauf,48.6485831,8.1292199
Anklam,53.8560526,13.688091
Hachenburg,50.6627538,7.8253173
Pfinztal,48.9918661,8.5553158
Szczecin,53.4301818,14.5509623
Leutkirch im Allgäu,47.8266137,10.0228027
Neusäß,48.3928722,10.8354535
Mühlhausen,51.2094255,10.4589044
Annaberg-Buchholz,50.5788781,13.0106108
Blumberg,47.8401424,8.534081
Retzstadt,49.9125,9.88194
Kolbermoor,47.8556623,12.0595795
Donaueschingen,47.9534194,8.4959257
Rendsburg,54.3000225,9.6516356
Namur,50.4665284,4.8661892
Dingolfing,48.6300801,12.4977434
Dinkelscherben,48.3485454,10.5909932
Neuburg an der Donau,48.7371951,11.1795268
Halle (Saale),51.4824354,11.9712985
Sundern,51.329832,8.0072645
Tübingen,48.5203263,9.053596
Sexau,48.1024366,7.9082564
Vaihingen an der Enz,48.9321398,8.9568316
Steinbach,47.821081,7.153381
Imsbach,49.5839255,7.8818682
Harsewinkel,51.9617153,8.2252425
Bad Feilnbach,47.7745858,12.0070798
Marne,48.961264,4.3122436
Hückeswagen,51.1504872,7.3413999
Kappelrodeck,48.591285,8.1177267
Ehrensberg,48.0263646,9.9274316
Dettenhausen,48.6084636,9.0983623
Wittstock,53.2869674,14.6135248
Vellberg,49.0864261,9.8812131
Bad Vilbel,50.19339,8.74918
Kluse,52.9330023,7.3464411
Hockenheim,49.3188892,8.5475467
Włodawa,51.541278,23.5290368
Kelkheim,50.1344038,8.4531845
Viereth-Trunstadt,49.9223081,10.7579534
Nellingen,48.9655592,6.8667693
Fürstenfeldbruck,48.1794705,11.2547202
Glandorf,52.081578,8.0033646
Nisterberg,50.6800175,7.9780672
Landsberg am Lech,48.0497474,10.8768728
Bamberg,49.8916044,10.8868478
Kernen im Remstal,48.7965338,9.3286487
Nottuln,51.9296679,7.3532741
Hechingen,48.3525529,8.9642047
Marktredwitz,50.0009915,12.0856433
Beilstein,49.0403804,9.3137915
Heusweiler,49.3385074,6.9298799
Aidlingen,48.6785572,8.8983347
Bernau,52.6787254,13.5881114
Niederstotzingen,48.5408791,10.2332512
Porta Westfalica,52.2394431,8.924762
Volgodonsk,47.5182668,42.1525935
Burg,43.1893067,0.3267126
Hüttisheim,48.2795369,9.9410539
Königslutter,52.22535,10.7895313
Melsungen,51.1425944,9.5833158
Bitterfeld-Wolfen,51.6425032,12.3076334
Uhldingen-Mühlhofen,47.7348858,9.2400277
Grafenhausen,47.7744797,8.2606207
Freudenstadt,48.4637727,8.4111727
Mengerskirchen,50.5524615,8.1886382
Heppenheim,49.64999,8.66768
Nürtingen,48.6265854,9.3365463
Rothenburg ob der Tauber,49.3772526,10.1790017
Sasbach,48.6390302,8.0924882
Malchin,53.7382631,12.7644198
Schmölln,50.9078332,12.3370882
Lengenfeld,50.5694023,12.3652544
Miesbach,47.790025,11.8335417
Gröbenzell,48.1942336,11.370911
Eching,48.2975862,11.6221618
Manching,48.7171356,11.4940685
Karben,50.2313417,8.7717673
Baden-Baden,48.7610716,8.239959
Dubai,25.0742823,55.1885387
Miltenberg,49.7017584,9.2559718
Wetter,51.3879463,7.3951553
Garbsen,52.4276606,9.6005102
Kirchheim bei München,48.1806379,11.7529851
Odelzhausen,48.3098033,11.2005519
Urbach,50.5599577,7.5866405
Schönwald,49.9113999,16.7107615
Altlandsberg,52.5936006,13.7760013
Hopfen am See,47.6083038,10.6773587
Schwäbisch Gmünd,48.7999036,9.7977584
Boppard,50.2312823,7.5885884
Wertheim,49.7599825,9.5166598
Sindelfingen,48.7084162,9.0035455
Rosbach vor der Höhe,50.2990872,8.6967275
Neuenrade,51.2831254,7.7830374
Hagenow,53.4305796,11.1904828
Kaufbeuren,47.8803788,10.622246
Osterhofen,48.7019635,13.0201434
Rotenburg an der Fulda,51.018118,9.7487639
Hofheim am Taunus,50.09494,8.42285
Krumbach,48.2430587,10.3631004
Bretten,47.7013731,7.0684157
Langenbach,49.4932546,7.3291716
Stadecken-Elsheim,49.9130616,8.128117
Oerlinghausen,51.9492295,8.673579
Lampertheim,48.6503574,7.7003567
Steinau an der Straße,50.3556,9.4227
Wolfhagen,51.3333355,9.1968854
Plauen,50.4950632,12.1346523
Sulzbach,48.0356915,7.2011423
Herzberg,51.6565219,10.3428415
Biberach,48.0984413,9.7899938
Schmallenberg,51.1525937,8.2836014
Gelsenkirchen,51.5110321,7.0960124
Verden,49.1589278,5.3867277
Salzgitter,52.1503721,10.3593147
Isernhagen,52.4526275,9.8602096
Schonach im Schwarzwald,48.1427148,8.1974937
Kobyłka,52.3387086,21.1965315
Erkelenz,51.080992,6.3160684
Heide,54.1948848,9.0928251
Mainbernheim,49.7087639,10.2177792
Bopfingen,48.8577633,10.3523096
Bremerhaven,53.5505392,8.5851945
Ampfing,48.2550234,12.4190555
Hohenberg an der Eger,50.0970494,12.2232841
Leopoldshöhe,52.0064215,8.6888207
Bergneustadt,51.0207425,7.6490729
Schliersee,47.7345915,11.8620286
Gaildorf,49.0002603,9.7698525
Bad Gottleuba-Berggießhübel,50.8584186,13.9480444
Kitzingen,49.7380667,10.1601218
Lennestadt,51.1245718,8.0568953
Weinsberg,49.1504172,9.2865471
Kaiserslautern,49.4432174,7.7689951
Lörrach,47.6120896,7.6607218
Plön,54.158082,10.41771
Wittendörp,53.5439992,11.0843674
Konz,49.6984949,6.5736454
Landau in der Pfalz,49.1982825,8.1123441
Wirges,50.4700819,7.7956173
Nordenham,53.4973636,8.4820227
Raschau-Markersbach,50.5277795,12.8582117
Greven,52.0929254,7.6120326
Ladenburg,49.4724349,8.6106455
Eiterfeld,50.7703444,9.8385732
Öhringen,49.2005034,9.5024397
Zetel,53.4159196,7.9704832
Weimar,50.9793301,11.3297921
Bobingen,48.2687941,10.8337852
Bruchköbel,50.1845,8.9369
Wemding,48.8745463,10.7240157
Sankt Augustin,50.7752776,7.1895507
Haselünne,52.6718718,7.4830538
Maikammer,49.3052161,8.1316291
Brakel,51.7168889,9.1841762
Oberkochen,48.7840324,10.1060512
Leverkusen,51.0324743,6.9881194
Siegburg,50.7928332,7.2070774
Birstein,50.3923,9.30438
Altenburg,50.9852411,12.4340988
Pinneberg,53.7278939,9.6979598
Bad Schwalbach,50.141688,8.071992
Pavlograd,48.5316759,35.8703695
Mühldorf,48.2405007,12.5250991
Starnberg,47.9986851,11.3410791
Meißenheim,48.410514,7.7734667
Rommerskirchen,51.0633574,6.6978814
Lychen,53.2083284,13.3164795
Zella-Mehlis,50.6560839,10.6639646
Lutherstadt Eisleben,51.5283282,11.5465911
Neustadt-Glewe,53.393252,11.5753248
Finnentrop,51.1729173,7.9724578
Thalmassing,48.9115488,12.1569329
Przesław,53.3167,13.866575
Bad Hindelang,47.5062921,10.3699251
Albstadt,48.233048,8.9991483
Bad Blankenburg,50.6829946,11.2726327
Germersheim,49.2222749,8.36659
Montabaur,50.4362219,7.8302494
Bürstadt,49.6531823,8.4747076
Hasbergen,52.2414052,7.9625883
Bad Ems,50.3352062,7.7128538
Bad Essen,52.3195756,8.3440599
Norden,53.5942039,7.2067435
Heiligenhaus,51.32658,6.9710401
Mutlangen,48.8221232,9.7934426
Edingen-Neckarhausen,49.4571949,8.6053654
Recklinghausen,51.6143815,7.1978546
Delmenhorst,53.048095,8.6286066
Freising,48.4008273,11.7439565
Peine,52.3117289,10.251904
Altshausen,47.934423,9.5386115
Baiersbronn,48.5069519,8.3720124
Lüdenscheid,51.218137,7.6396975
Alsbach-Hähnlein,49.7383506,8.5950049
Schenefeld,54.0484989,9.4703368
Hallbergmoos,48.3182064,11.7445128
Waldkirch,48.0939396,7.9610142
Stuhr,53.027353,8.7497818
Warendorf,51.9532449,7.9912335
Winhöring,48.2670046,12.6509702
Pößneck,50.694735,11.5953247
Tengen,47.8166011,8.6594228
Saalfeld,50.6479143,11.3610041
Olching,48.2077801,11.3278779
Berchtesgaden,47.6330221,13.0020051
Lage,51.9914084,8.7919583
Freigericht,50.134197,9.1453389
Bad Friedrichshall,49.2280136,9.2101479
Reichenbach,50.6200076,12.298936
Causeni,46.6495405,29.4067719
Schwepnitz,51.3296398,13.9580134
Quickborn,54.0111091,9.2114907
Radebeul,51.0999765,13.6767995
Korbach,51.2559045,8.8426963
Landau an der Isar,48.6699678,12.6912228
Eisenbach (Hochschwarzwald),47.9624362,8.2710482
Hohenstein,48.3472808,9.3548059
Chuguev,49.836626,36.6899391
Bad Hönningen,50.5157382,7.3065922
Senftenberg,51.5191742,14.0046541
Günzburg,48.4555244,10.2766213
Malschwitz,51.2379209,14.5197535
Tutzing,47.9086358,11.2798244
Blankenburg,51.7902676,10.9551991
Eschenburg,50.8148383,8.3402358
Netphen,50.9125904,8.1026183
Apen,53.2214255,7.8097336
Werne,51.66268,7.6355052
Kharkiv,49.9923181,36.2310146
Wittmund,53.5364786,7.7462334
Novorossiysk,44.7239578,37.7690711
Jördenstorf,53.8775886,12.6150233
Melle,44.5620476,7.32049
Lüneburg,53.248706,10.407855
Bruck,48.0255094,16.7790041
Prostejov,49.4721467,17.1117979
Wenden,50.9691051,7.8733251
Belgrade,44.8178131,20.4568974
Alamudun,42.9101461,74.6366453
Bad Gandersheim,51.8704732,10.0297839
Braubach,50.2751222,7.651073
Geldern,52.1014041,5.9515701
Bassum,52.8495881,8.728382
Brake,53.3256109,8.4806296
